iso3,year,asylum_seekers
AFG,2025,382
AFG,2024,370
AFG,2023,250
AFG,2022,218
AFG,2021,251
AFG,2020,167
AFG,2019,247
AFG,2018,281
AFG,2017,215
AFG,2016,123
AFG,2015,78
AFG,2014,59
AFG,2013,61
AFG,2012,49
AFG,2011,52
AFG,2010,30
AFG,2009,14
AFG,2008,10
AFG,2007,0
AFG,2006,5
AFG,2005,12
AFG,2004,28
AFG,2003,71
AFG,2002,18
AFG,2001,0
AFG,2000,0
ALB,2025,11
ALB,2024,0
ALB,2023,8
ALB,2022,5
ALB,2021,6
ALB,2020,0
ALB,2019,5
ALB,2018,159
ALB,2017,32
ALB,2016,2750
ALB,2015,830
ALB,2014,482
ALB,2013,228
ALB,2012,28
ALB,2011,26
ALB,2010,20
ALB,2009,19
ALB,2008,20
ALB,2007,16
ALB,2006,27
ALB,2005,32
ALB,2004,30
ALB,2003,86
ALB,2002,46
ALB,2001,71
ALB,2000,5
DZA,2025,3690
DZA,2024,4838
DZA,2023,3601
DZA,2022,3646
DZA,2021,2130
DZA,2020,2124
DZA,2019,1647
DZA,2018,8910
DZA,2017,6353
DZA,2016,5700
DZA,2015,6573
DZA,2014,4864
DZA,2013,1795
DZA,2012,1722
DZA,2011,805
DZA,2010,300
DZA,2009,157
DZA,2008,899
DZA,2007,1587
DZA,2006,935
DZA,2005,299
DZA,2004,0
DZA,2003,0
DZA,2002,0
DZA,2001,110
DZA,2000,309
AGO,2025,30261
AGO,2024,30267
AGO,2023,30268
AGO,2022,30268
AGO,2021,30279
AGO,2020,30278
AGO,2019,30178
AGO,2018,30128
AGO,2017,30131
AGO,2016,30131
AGO,2015,30131
AGO,2014,30200
AGO,2013,20031
AGO,2012,20321
AGO,2011,3154
AGO,2010,4228
AGO,2009,4228
AGO,2008,3179
AGO,2007,2918
AGO,2006,1586
AGO,2005,878
AGO,2004,920
AGO,2003,999
AGO,2002,925
AGO,2001,904
AGO,2000,880
ATG,2024,5
ATG,2022,0
ATG,2016,0
ATG,2015,0
ARG,2025,3941
ARG,2024,4766
ARG,2023,7129
ARG,2022,11100
ARG,2021,11026
ARG,2020,9176
ARG,2019,7981
ARG,2018,6102
ARG,2017,4111
ARG,2016,3917
ARG,2015,1062
ARG,2014,846
ARG,2013,899
ARG,2012,1901
ARG,2011,1196
ARG,2010,916
ARG,2009,742
ARG,2008,710
ARG,2007,1080
ARG,2006,854
ARG,2005,804
ARG,2004,973
ARG,2003,1188
ARG,2002,1535
ARG,2001,1544
ARG,2000,1274
ARM,2025,998
ARM,2024,975
ARM,2023,615
ARM,2022,580
ARM,2021,181
ARM,2020,136
ARM,2019,158
ARM,2018,105
ARM,2017,62
ARM,2016,73
ARM,2015,51
ARM,2014,57
ARM,2013,70
ARM,2012,378
ARM,2011,17
ARM,2010,14
ARM,2009,38
ARM,2008,170
ARM,2007,97
ARM,2006,75
ARM,2005,64
ARM,2004,64
ARM,2003,30
ARM,2002,0
ARM,2001,0
ABW,2025,0
ABW,2024,0
ABW,2023,0
ABW,2022,0
ABW,2021,0
ABW,2020,0
ABW,2019,406
ABW,2018,407
ABW,2017,147
ABW,2016,5
ABW,2014,5
ABW,2013,5
ABW,2012,5
ABW,2011,5
AUS,2025,82925
AUS,2024,91278
AUS,2023,82625
AUS,2022,90549
AUS,2021,82810
AUS,2020,80801
AUS,2019,77362
AUS,2018,60645
AUS,2017,48029
AUS,2016,29633
AUS,2015,20752
AUS,2014,21462
AUS,2013,13509
AUS,2012,10991
AUS,2011,5210
AUS,2010,3714
AUS,2009,2306
AUS,2008,2140
AUS,2007,1459
AUS,2006,1366
AUS,2005,1756
AUS,2004,5017
AUS,2003,2978
AUS,2002,7271
AUS,2001,11558
AUS,2000,10877
AUT,2025,22014
AUT,2024,28883
AUT,2023,38039
AUT,2022,53087
AUT,2021,27847
AUT,2020,20710
AUT,2019,26696
AUT,2018,37347
AUT,2017,56279
AUT,2016,76382
AUT,2015,80060
AUT,2014,22745
AUT,2013,22731
AUT,2012,22418
AUT,2011,24464
AUT,2010,25602
AUT,2009,32133
AUT,2008,36687
AUT,2007,38424
AUT,2006,42385
AUT,2005,40710
AUT,2004,38262
AUT,2003,33564
AUT,2002,29494
AUT,2001,15187
AUT,2000,9945
AZE,2025,199
AZE,2024,267
AZE,2023,168
AZE,2022,152
AZE,2021,34
AZE,2020,48
AZE,2019,181
AZE,2018,209
AZE,2017,124
AZE,2016,255
AZE,2015,215
AZE,2014,398
AZE,2013,268
AZE,2012,137
AZE,2011,42
AZE,2010,15
AZE,2009,47
AZE,2008,40
AZE,2007,69
AZE,2006,83
AZE,2005,101
AZE,2004,1228
AZE,2003,8796
AZE,2002,8116
AZE,2001,6546
AZE,2000,3378
BHS,2025,0
BHS,2024,20
BHS,2023,31
BHS,2022,31
BHS,2021,13
BHS,2020,13
BHS,2019,13
BHS,2018,24
BHS,2017,15
BHS,2016,17
BHS,2015,20
BHS,2014,19
BHS,2013,13
BHS,2012,13
BHS,2011,13
BHS,2010,8
BHS,2000,0
BHR,2025,122
BHR,2024,121
BHR,2023,122
BHR,2022,122
BHR,2021,190
BHR,2020,104
BHR,2019,58
BHR,2018,58
BHR,2017,111
BHR,2016,111
BHR,2015,113
BHR,2014,44
BHR,2013,52
BHR,2012,46
BHR,2011,156
BHR,2010,66
BHR,2009,13
BHR,2008,48
BHR,2007,33
BHR,2006,15
BHR,2005,14
BHR,2004,5
BGD,2025,67
BGD,2024,35
BGD,2023,0
BGD,2022,24
BGD,2021,48
BGD,2020,18
BGD,2019,34
BGD,2018,39
BGD,2017,115
BGD,2016,0
BGD,2015,0
BGD,2014,14
BGD,2013,8
BGD,2012,0
BGD,2011,0
BGD,2010,0
BGD,2009,0
BGD,2008,0
BGD,2007,50
BGD,2006,78
BGD,2005,57
BGD,2004,9
BGD,2003,8
BGD,2002,21
BGD,2001,20
BGD,2000,0
BRB,2025,8
BRB,2024,8
BRB,2023,10
BRB,2021,10
BRB,2020,5
BRB,2019,10
BRB,2018,5
BLR,2025,1470
BLR,2024,1224
BLR,2023,405
BLR,2022,639
BLR,2021,114
BLR,2020,143
BLR,2019,131
BLR,2018,184
BLR,2017,273
BLR,2016,228
BLR,2015,273
BLR,2014,254
BLR,2013,84
BLR,2012,56
BLR,2011,46
BLR,2010,62
BLR,2009,84
BLR,2008,54
BLR,2007,10
BLR,2006,24
BLR,2005,50
BLR,2004,65
BLR,2003,318
BLR,2002,333
BLR,2001,354
BLR,2000,410
BEL,2025,58725
BEL,2024,53138
BEL,2023,44600
BEL,2022,41810
BEL,2021,28955
BEL,2020,29305
BEL,2019,10862
BEL,2018,19550
BEL,2017,18760
BEL,2016,24098
BEL,2015,35996
BEL,2014,9943
BEL,2013,11479
BEL,2012,15023
BEL,2011,19006
BEL,2010,18288
BEL,2009,18233
BEL,2008,14261
BEL,2007,15247
BEL,2006,15715
BEL,2005,18895
BEL,2004,22857
BEL,2003,22582
BEL,2002,20027
BEL,2001,664
BEL,2000,46240
BLZ,2025,1836
BLZ,2024,2001
BLZ,2023,1973
BLZ,2022,1982
BLZ,2021,2015
BLZ,2020,2249
BLZ,2019,2144
BLZ,2018,3305
BLZ,2017,3120
BLZ,2016,2427
BLZ,2015,716
BLZ,2014,114
BLZ,2013,62
BLZ,2012,75
BLZ,2011,56
BLZ,2010,31
BLZ,2009,25
BLZ,2008,10
BLZ,2007,0
BLZ,2006,0
BLZ,2005,14
BLZ,2004,26
BLZ,2003,5
BLZ,2002,8
BLZ,2001,20
BLZ,2000,32
BEN,2025,11947
BEN,2024,6993
BEN,2023,10133
BEN,2022,1460
BEN,2021,506
BEN,2020,464
BEN,2019,373
BEN,2018,308
BEN,2017,262
BEN,2016,224
BEN,2015,176
BEN,2014,68
BEN,2013,106
BEN,2012,133
BEN,2011,354
BEN,2010,93
BEN,2009,122
BEN,2008,197
BEN,2007,527
BEN,2006,1338
BEN,2005,1682
BEN,2004,1040
BEN,2003,804
BEN,2002,311
BEN,2001,208
BEN,2000,58
BOL,2025,0
BOL,2024,46
BOL,2023,76
BOL,2022,61
BOL,2021,27
BOL,2020,157
BOL,2019,242
BOL,2018,34
BOL,2017,34
BOL,2016,0
BOL,2015,0
BOL,2014,16
BOL,2013,5
BOL,2012,8
BOL,2011,17
BOL,2010,43
BOL,2009,33
BOL,2008,84
BOL,2007,156
BOL,2006,16
BOL,2005,0
BOL,2004,18
BOL,2003,0
BOL,2002,20
BOL,2001,5
BOL,2000,0
BIH,2025,164
BIH,2024,190
BIH,2023,81
BIH,2022,66
BIH,2021,150
BIH,2020,256
BIH,2019,725
BIH,2018,1003
BIH,2017,223
BIH,2016,51
BIH,2015,20
BIH,2014,7
BIH,2013,34
BIH,2012,31
BIH,2011,32
BIH,2010,149
BIH,2009,350
BIH,2008,471
BIH,2007,616
BIH,2006,91
BIH,2005,210
BIH,2004,456
BIH,2003,695
BIH,2002,453
BIH,2001,382
BIH,2000,73
BWA,2025,21
BWA,2024,7
BWA,2023,97
BWA,2022,97
BWA,2021,58
BWA,2020,422
BWA,2019,150
BWA,2018,268
BWA,2017,65
BWA,2016,78
BWA,2015,133
BWA,2014,195
BWA,2013,173
BWA,2012,212
BWA,2011,244
BWA,2010,251
BWA,2009,202
BWA,2008,181
BWA,2007,5
BWA,2006,0
BWA,2005,52
BWA,2004,1030
BWA,2003,1075
BWA,2002,974
BWA,2001,716
BWA,2000,65
BRA,2025,119651
BRA,2024,74018
BRA,2023,68101
BRA,2022,206764
BRA,2021,199233
BRA,2020,202661
BRA,2019,207294
BRA,2018,152670
BRA,2017,85739
BRA,2016,35451
BRA,2015,20798
BRA,2014,11200
BRA,2013,4626
BRA,2012,1425
BRA,2011,4644
BRA,2010,852
BRA,2009,162
BRA,2008,496
BRA,2007,404
BRA,2006,374
BRA,2005,176
BRA,2004,424
BRA,2003,551
BRA,2002,549
BRA,2001,642
BRA,2000,528
VGB,2025,26
VGB,2024,36
BGR,2025,1317
BGR,2024,5981
BGR,2023,11941
BGR,2022,11165
BGR,2021,7547
BGR,2020,1938
BGR,2019,1054
BGR,2018,1560
BGR,2017,2712
BGR,2016,16030
BGR,2015,9488
BGR,2014,6735
BGR,2013,4539
BGR,2012,1270
BGR,2011,1381
BGR,2010,1392
BGR,2009,1175
BGR,2008,1060
BGR,2007,1002
BGR,2006,839
BGR,2005,787
BGR,2004,899
BGR,2003,736
BGR,2002,1118
BGR,2001,1534
BGR,2000,1304
BFA,2025,1957
BFA,2024,1493
BFA,2023,1146
BFA,2022,551
BFA,2021,9413
BFA,2020,30
BFA,2019,29
BFA,2018,40
BFA,2017,43
BFA,2016,126
BFA,2015,141
BFA,2014,201
BFA,2013,786
BFA,2012,684
BFA,2011,667
BFA,2010,531
BFA,2009,512
BFA,2008,608
BFA,2007,601
BFA,2006,760
BFA,2005,774
BFA,2004,515
BFA,2003,491
BFA,2002,371
BFA,2001,250
BFA,2000,309
BDI,2025,1466
BDI,2024,2089
BDI,2023,2270
BDI,2022,3950
BDI,2021,4297
BDI,2020,4914
BDI,2019,8995
BDI,2018,5658
BDI,2017,3551
BDI,2016,3608
BDI,2015,2930
BDI,2014,3046
BDI,2013,6046
BDI,2012,6129
BDI,2011,10054
BDI,2010,12059
BDI,2009,6337
BDI,2008,5269
BDI,2007,7528
BDI,2006,7139
BDI,2005,19898
BDI,2004,10705
BDI,2003,10565
BDI,2002,8770
BDI,2001,7990
BDI,2000,6014
CPV,2025,0
CPV,2024,0
CPV,2023,0
CPV,2022,0
CPV,2021,0
CPV,2020,0
KHM,2025,5
KHM,2024,5
KHM,2023,5
KHM,2022,12
KHM,2021,12
KHM,2020,12
KHM,2019,27
KHM,2018,0
KHM,2017,44
KHM,2016,170
KHM,2015,24
KHM,2014,38
KHM,2013,6
KHM,2012,20
KHM,2011,45
KHM,2010,49
KHM,2009,30
KHM,2008,59
KHM,2007,237
KHM,2006,124
KHM,2005,65
KHM,2004,315
KHM,2003,44
KHM,2002,76
KHM,2001,1045
KHM,2000,162
CMR,2025,18553
CMR,2024,16034
CMR,2023,10288
CMR,2022,9247
CMR,2021,8018
CMR,2020,6809
CMR,2019,9930
CMR,2018,8092
CMR,2017,5765
CMR,2016,3237
CMR,2015,5356
CMR,2014,11736
CMR,2013,8324
CMR,2012,3122
CMR,2011,3289
CMR,2010,2378
CMR,2009,1313
CMR,2008,2221
CMR,2007,2149
CMR,2006,4160
CMR,2005,6766
CMR,2004,6123
CMR,2003,5675
CMR,2002,5308
CMR,2001,2577
CMR,2000,1633
CAN,2025,314469
CAN,2024,292055
CAN,2023,197961
CAN,2022,113066
CAN,2021,63144
CAN,2020,85352
CAN,2019,97017
CAN,2018,78766
CAN,2017,51859
CAN,2016,23946
CAN,2015,19631
CAN,2014,16699
CAN,2013,22145
CAN,2012,32647
CAN,2011,41835
CAN,2010,50998
CAN,2009,61167
CAN,2008,54187
CAN,2007,37509
CAN,2006,23575
CAN,2005,20533
CAN,2004,27276
CAN,2003,41570
CAN,2002,52755
CAN,2001,45795
CAN,2000,30170
CYM,2025,15
CYM,2024,15
CYM,2023,93
CYM,2022,242
CYM,2021,30
CYM,2020,28
CYM,2019,14
CYM,2018,27
CYM,2017,28
CYM,2016,24
CYM,2015,5
CYM,2014,0
CYM,2013,5
CYM,2010,5
CYM,2009,5
CAF,2025,8454
CAF,2024,8270
CAF,2023,32506
CAF,2022,470
CAF,2021,765
CAF,2020,285
CAF,2019,309
CAF,2018,397
CAF,2017,571
CAF,2016,310
CAF,2015,332
CAF,2014,408
CAF,2013,2635
CAF,2012,2603
CAF,2011,2447
CAF,2010,1213
CAF,2009,1213
CAF,2008,1447
CAF,2007,1970
CAF,2006,1903
CAF,2005,1956
CAF,2004,2748
CAF,2003,3419
CAF,2002,5345
CAF,2001,3667
CAF,2000,1735
TCD,2025,9371
TCD,2024,7779
TCD,2023,4916
TCD,2022,4953
TCD,2021,4705
TCD,2020,4568
TCD,2019,3756
TCD,2018,3467
TCD,2017,660
TCD,2016,1908
TCD,2015,2890
TCD,2014,1793
TCD,2013,303
TCD,2012,173
TCD,2011,162
TCD,2010,105
TCD,2009,59
TCD,2008,51
TCD,2007,44
TCD,2006,10
TCD,2005,63
TCD,2004,0
TCD,2003,162
TCD,2002,1033
TCD,2001,645
TCD,2000,544
CHL,2025,9561
CHL,2024,13345
CHL,2023,12694
CHL,2022,11896
CHL,2021,10159
CHL,2020,8069
CHL,2019,8521
CHL,2018,11993
CHL,2017,8462
CHL,2016,3218
CHL,2015,1055
CHL,2014,571
CHL,2013,416
CHL,2012,353
CHL,2011,356
CHL,2010,271
CHL,2009,498
CHL,2008,875
CHL,2007,507
CHL,2006,334
CHL,2005,101
CHL,2004,75
CHL,2003,48
CHL,2002,12
CHL,2001,60
CHL,2000,63
CHN,2025,482
CHN,2024,553
CHN,2023,699
CHN,2022,785
CHN,2021,785
CHN,2020,743
CHN,2019,644
CHN,2018,583
CHN,2017,691
CHN,2016,647
CHN,2015,672
CHN,2014,447
CHN,2013,374
CHN,2012,253
CHN,2011,26
CHN,2010,120
CHN,2009,39
CHN,2008,12
CHN,2007,59
CHN,2006,72
CHN,2005,68
CHN,2004,35
CHN,2003,39
CHN,2002,5
CHN,2001,0
CHN,2000,10
COL,2025,17421
COL,2024,29305
COL,2023,23842
COL,2022,22675
COL,2021,28920
COL,2020,19933
COL,2019,9094
COL,2018,2851
COL,2017,525
COL,2016,368
COL,2015,105
COL,2014,154
COL,2013,58
COL,2012,70
COL,2011,115
COL,2010,165
COL,2009,118
COL,2008,71
COL,2007,83
COL,2006,72
COL,2005,35
COL,2004,28
COL,2003,15
COL,2002,7
COL,2001,18
COL,2000,12
COM,2025,14
COM,2024,13
COM,2023,0
COM,2022,5
COM,2021,0
COD,2025,100112
COD,2024,1041
COD,2023,3106
COD,2022,2147
COD,2021,2218
COD,2020,1480
COD,2019,3192
COD,2018,5770
COD,2017,807
COD,2016,1324
COD,2015,978
COD,2014,1182
COD,2013,1453
COD,2012,1821
COD,2011,1131
COD,2010,920
COD,2009,637
COD,2008,5
COD,2007,96
COD,2006,93
COD,2005,139
COD,2004,348
COD,2003,441
COD,2002,391
COD,2001,299
COD,2000,143
COG,2025,8109
COG,2024,7714
COG,2023,6585
COG,2022,18356
COG,2021,13670
COG,2020,13622
COG,2019,14417
COG,2018,9176
COG,2017,7092
COG,2016,6672
COG,2015,4340
COG,2014,3192
COG,2013,2644
COG,2012,3315
COG,2011,3008
COG,2010,5518
COG,2009,4915
COG,2008,3250
COG,2007,4791
COG,2006,4287
COG,2005,3482
COG,2004,3230
COG,2003,3222
COG,2002,2754
COG,2001,2436
COG,2000,875
CRI,2025,178212
CRI,2024,217889
CRI,2023,193718
CRI,2022,239640
CRI,2021,152507
CRI,2020,89744
CRI,2019,87154
CRI,2018,32595
CRI,2017,7428
CRI,2016,3626
CRI,2015,3259
CRI,2014,1751
CRI,2013,593
CRI,2012,624
CRI,2011,451
CRI,2010,377
CRI,2009,575
CRI,2008,441
CRI,2007,503
CRI,2006,332
CRI,2005,223
CRI,2004,223
CRI,2003,79
CRI,2002,85
CRI,2001,2588
CRI,2000,1089
CIV,2025,8177
CIV,2024,66799
CIV,2023,37460
CIV,2022,3561
CIV,2021,129
CIV,2020,224
CIV,2019,151
CIV,2018,198
CIV,2017,368
CIV,2016,276
CIV,2015,644
CIV,2014,660
CIV,2013,596
CIV,2012,508
CIV,2011,659
CIV,2010,246
CIV,2009,217
CIV,2008,293
CIV,2007,1770
CIV,2006,2301
CIV,2005,2436
CIV,2004,2102
CIV,2003,1318
CIV,2002,1139
CIV,2001,2321
CIV,2000,2239
HRV,2025,434
HRV,2024,1220
HRV,2023,1597
HRV,2022,1200
HRV,2021,562
HRV,2020,567
HRV,2019,454
HRV,2018,198
HRV,2017,406
HRV,2016,529
HRV,2015,30
HRV,2014,87
HRV,2013,189
HRV,2012,329
HRV,2011,219
HRV,2010,64
HRV,2009,26
HRV,2008,52
HRV,2007,46
HRV,2006,8
HRV,2005,6
HRV,2004,26
HRV,2003,59
HRV,2002,49
HRV,2001,63
HRV,2000,17
CUB,2025,40
CUB,2024,41
CUB,2023,25
CUB,2022,8
CUB,2021,14
CUB,2020,10
CUB,2019,32
CUB,2018,24
CUB,2017,15
CUB,2016,28
CUB,2015,23
CUB,2014,6
CUB,2013,0
CUB,2012,5
CUB,2011,0
CUB,2010,11
CUB,2009,0
CUB,2008,6
CUB,2007,9
CUB,2006,20
CUB,2005,26
CUB,2004,0
CUB,2003,5
CUB,2002,0
CUB,2001,12
CUB,2000,12
CUW,2025,0
CUW,2024,0
CUW,2023,0
CUW,2022,0
CUW,2021,0
CUW,2020,318
CUW,2019,345
CUW,2018,342
CUW,2017,729
CUW,2016,55
CUW,2015,34
CUW,2014,40
CUW,2013,45
CUW,2012,24
CUW,2011,5
CUW,2010,0
CYP,2025,23162
CYP,2024,27553
CYP,2023,31664
CYP,2022,36497
CYP,2021,25336
CYP,2020,20483
CYP,2019,18799
CYP,2018,10267
CYP,2017,5216
CYP,2016,3049
CYP,2015,2210
CYP,2014,2436
CYP,2013,2629
CYP,2012,2624
CYP,2011,3042
CYP,2010,5385
CYP,2009,5003
CYP,2008,8003
CYP,2007,11879
CYP,2006,12491
CYP,2005,13054
CYP,2004,9995
CYP,2003,5065
CYP,2002,2026
CYP,2001,1855
CYP,2000,488
CZE,2025,993
CZE,2024,1065
CZE,2023,1239
CZE,2022,986
CZE,2021,1073
CZE,2020,1537
CZE,2019,1632
CZE,2018,1910
CZE,2017,799
CZE,2016,769
CZE,2015,654
CZE,2014,459
CZE,2013,292
CZE,2012,566
CZE,2011,909
CZE,2010,1031
CZE,2009,1235
CZE,2008,1422
CZE,2007,2180
CZE,2006,2874
CZE,2005,923
CZE,2004,1113
CZE,2003,3737
CZE,2002,7645
CZE,2001,11586
CZE,2000,5015
DNK,2025,2738
DNK,2024,2628
DNK,2023,2356
DNK,2022,2776
DNK,2021,1519
DNK,2020,1331
DNK,2019,1422
DNK,2018,2675
DNK,2017,4229
DNK,2016,7001
DNK,2015,2931
DNK,2014,4268
DNK,2013,1605
DNK,2012,1539
DNK,2011,1415
DNK,2010,3334
DNK,2009,1146
DNK,2008,485
DNK,2007,537
DNK,2006,436
DNK,2005,500
DNK,2004,820
DNK,2003,2015
DNK,2002,4597
DNK,2001,5569
DNK,2000,6126
DJI,2025,10141
DJI,2024,8649
DJI,2023,8442
DJI,2022,9174
DJI,2021,11463
DJI,2020,10811
DJI,2019,11153
DJI,2018,10479
DJI,2017,9357
DJI,2016,8058
DJI,2015,2639
DJI,2014,3832
DJI,2013,3792
DJI,2012,3093
DJI,2011,1904
DJI,2010,727
DJI,2009,912
DJI,2008,426
DJI,2007,484
DJI,2006,14
DJI,2005,17
DJI,2004,0
DJI,2003,1651
DJI,2002,455
DJI,2001,464
DJI,2000,407
DMA,2025,5
DMA,2024,5
DOM,2025,1029
DOM,2024,986
DOM,2023,4185
DOM,2022,2175
DOM,2021,642
DOM,2020,625
DOM,2019,561
DOM,2018,327
DOM,2017,850
DOM,2016,787
DOM,2015,750
DOM,2014,743
DOM,2013,822
DOM,2012,764
DOM,2011,1783
DOM,2010,1756
DOM,2000,24
ECU,2025,8571
ECU,2024,7023
ECU,2023,7700
ECU,2022,9754
ECU,2021,7137
ECU,2020,26001
ECU,2019,25002
ECU,2018,17044
ECU,2017,11895
ECU,2016,24542
ECU,2015,11583
ECU,2014,11583
ECU,2013,11564
ECU,2012,14553
ECU,2011,21534
ECU,2010,49874
ECU,2009,50593
ECU,2008,33900
ECU,2007,27395
ECU,2006,5516
ECU,2005,2474
ECU,2004,1643
ECU,2003,2554
ECU,2002,2638
ECU,2001,2494
ECU,2000,147
EGY,2025,878268
EGY,2024,638948
EGY,2023,232244
EGY,2022,63881
EGY,2021,60392
EGY,2020,56446
EGY,2019,66309
EGY,2018,68168
EGY,2017,56557
EGY,2016,49844
EGY,2015,38135
EGY,2014,25603
EGY,2013,23150
EGY,2012,16938
EGY,2011,18915
EGY,2010,14283
EGY,2009,13425
EGY,2008,14653
EGY,2007,14865
EGY,2006,16355
EGY,2005,11003
EGY,2004,8741
EGY,2003,5390
EGY,2002,12085
EGY,2001,15644
EGY,2000,11164
SLV,2025,328
SLV,2024,272
SLV,2023,263
SLV,2022,54
SLV,2021,66
SLV,2020,53
SLV,2019,29
SLV,2018,16
SLV,2017,5
SLV,2016,0
SLV,2015,0
SLV,2014,0
SLV,2013,5
SLV,2012,0
SLV,2011,5
SLV,2010,18
SLV,2009,54
SLV,2008,0
SLV,2007,5
SLV,2006,0
SLV,2005,0
SLV,2004,0
SLV,2003,5
SLV,2002,5
SLV,2001,5
SLV,2000,5
GNQ,2024,0
ERI,2025,0
ERI,2024,0
ERI,2023,0
ERI,2022,0
ERI,2021,0
ERI,2020,0
ERI,2019,0
ERI,2018,0
ERI,2017,0
ERI,2016,8
ERI,2015,0
ERI,2014,0
ERI,2013,5
ERI,2012,17
ERI,2011,7
ERI,2010,135
ERI,2009,135
ERI,2008,128
ERI,2007,2016
ERI,2006,2001
ERI,2005,1589
ERI,2004,449
ERI,2003,200
ERI,2002,5
EST,2025,321
EST,2024,172
EST,2023,346
EST,2022,631
EST,2021,15
EST,2020,5
EST,2019,33
EST,2018,30
EST,2017,36
EST,2016,43
EST,2015,73
EST,2014,84
EST,2013,15
EST,2012,0
EST,2011,5
EST,2010,5
EST,2009,19
EST,2008,5
EST,2007,5
EST,2006,5
EST,2005,0
EST,2004,10
EST,2003,0
EST,2002,5
EST,2001,20
EST,2000,10
SWZ,2025,3511
SWZ,2024,3164
SWZ,2023,1772
SWZ,2022,976
SWZ,2021,646
SWZ,2020,1104
SWZ,2019,963
SWZ,2018,739
SWZ,2017,544
SWZ,2016,377
SWZ,2015,263
SWZ,2014,266
SWZ,2013,531
SWZ,2012,415
SWZ,2011,0
SWZ,2010,0
SWZ,2009,603
SWZ,2008,440
SWZ,2007,251
SWZ,2006,256
SWZ,2005,256
SWZ,2004,305
SWZ,2003,326
SWZ,2002,367
SWZ,2001,360
ETH,2025,112987
ETH,2024,63055
ETH,2023,63747
ETH,2022,2214
ETH,2021,2251
ETH,2020,1901
ETH,2019,1677
ETH,2018,2136
ETH,2017,2593
ETH,2016,1948
ETH,2015,2126
ETH,2014,4120
ETH,2013,930
ETH,2012,837
ETH,2011,1340
ETH,2010,1014
ETH,2009,2441
ETH,2008,1656
ETH,2007,178
ETH,2006,312
ETH,2005,208
ETH,2004,42
ETH,2003,5
ETH,2002,12
ETH,2001,0
ETH,2000,33
FJI,2025,31
FJI,2024,10
FJI,2023,0
FJI,2022,13
FJI,2021,0
FJI,2020,5
FJI,2019,10
FJI,2018,17
FJI,2017,10
FJI,2016,0
FJI,2015,6
FJI,2014,11
FJI,2013,7
FJI,2012,7
FJI,2011,0
FJI,2010,5
FJI,2009,5
FJI,2008,5
FIN,2025,1879
FIN,2024,4386
FIN,2023,7410
FIN,2022,6046
FIN,2021,2408
FIN,2020,6316
FIN,2019,8308
FIN,2018,3264
FIN,2017,3101
FIN,2016,5559
FIN,2015,24340
FIN,2014,1734
FIN,2013,1504
FIN,2012,1867
FIN,2011,2262
FIN,2010,2075
FIN,2009,3763
FIN,2008,2736
FIN,2007,712
FIN,2006,1112
FIN,2005,0
FIN,2004,0
FIN,2003,0
FIN,2002,0
FIN,2001,0
FIN,2000,1300
FRA,2025,85227
FRA,2024,88554
FRA,2023,79642
FRA,2022,75047
FRA,2021,75708
FRA,2020,118137
FRA,2019,102140
FRA,2018,89055
FRA,2017,63115
FRA,2016,62764
FRA,2015,63043
FRA,2014,55826
FRA,2013,51691
FRA,2012,49885
FRA,2011,49240
FRA,2010,48576
FRA,2009,40517
FRA,2008,31496
FRA,2007,32275
FRA,2006,37009
FRA,2005,41279
FRA,2004,59346
FRA,2003,22900
FRA,2002,34588
FRA,2001,34551
GAB,2025,86
GAB,2024,82
GAB,2023,86
GAB,2022,75
GAB,2021,53
GAB,2020,80
GAB,2019,76
GAB,2018,82
GAB,2017,5
GAB,2016,1911
GAB,2015,1942
GAB,2014,1884
GAB,2013,2428
GAB,2012,2368
GAB,2011,2357
GAB,2010,4121
GAB,2009,4277
GAB,2008,4296
GAB,2007,4258
GAB,2006,4127
GAB,2005,4844
GAB,2004,4837
GAB,2003,5122
GAB,2002,5664
GAB,2001,3629
GAB,2000,3037
GMB,2025,509
GMB,2024,447
GMB,2023,446
GMB,2022,198
GMB,2021,207
GMB,2020,207
GMB,2019,206
GMB,2018,349
GMB,2017,5
GMB,2016,0
GMB,2015,0
GMB,2014,0
GMB,2013,0
GMB,2012,0
GMB,2011,25
GMB,2010,74
GMB,2009,68
GMB,2008,0
GMB,2007,0
GMB,2006,600
GMB,2005,600
GMB,2004,600
GMB,2003,0
GMB,2002,0
GMB,2001,223
GMB,2000,223
GEO,2025,288
GEO,2024,764
GEO,2023,1051
GEO,2022,1030
GEO,2021,1229
GEO,2020,1282
GEO,2019,1111
GEO,2018,677
GEO,2017,530
GEO,2016,305
GEO,2015,720
GEO,2014,1240
GEO,2013,325
GEO,2012,451
GEO,2011,36
GEO,2010,42
GEO,2009,21
GEO,2008,14
GEO,2007,5
GEO,2006,5
GEO,2005,5
GEO,2004,9
DEU,2025,297503
DEU,2024,348903
DEU,2023,361493
DEU,2022,261019
DEU,2021,253867
DEU,2020,243157
DEU,2019,309231
DEU,2018,369239
DEU,2017,429265
DEU,2016,587306
DEU,2015,420570
DEU,2014,226147
DEU,2013,135515
DEU,2012,85507
DEU,2011,62654
DEU,2010,51930
DEU,2009,38875
DEU,2008,33263
DEU,2007,34014
DEU,2006,52785
DEU,2005,71598
DEU,2004,86124
DEU,2003,128042
DEU,2002,163975
DEU,2001,85493
DEU,2000,70234
GHA,2025,475
GHA,2024,9855
GHA,2023,4209
GHA,2022,2517
GHA,2021,1879
GHA,2020,1511
GHA,2019,1509
GHA,2018,1312
GHA,2017,1303
GHA,2016,1365
GHA,2015,1850
GHA,2014,2634
GHA,2013,1838
GHA,2012,2603
GHA,2011,12637
GHA,2010,748
GHA,2009,595
GHA,2008,495
GHA,2007,447
GHA,2006,5591
GHA,2005,5501
GHA,2004,6013
GHA,2003,4082
GHA,2002,8758
GHA,2001,2389
GHA,2000,440
GRC,2025,31928
GRC,2024,28244
GRC,2023,32687
GRC,2022,22139
GRC,2021,37047
GRC,2020,60873
GRC,2019,105684
GRC,2018,76057
GRC,2017,44188
GRC,2016,39960
GRC,2015,26122
GRC,2014,31898
GRC,2013,49800
GRC,2012,36183
GRC,2011,43942
GRC,2010,55714
GRC,2009,48201
GRC,2008,38035
GRC,2007,28448
GRC,2006,13499
GRC,2005,8857
GRC,2004,7363
GRC,2003,7251
GRC,2002,1801
GRC,2001,6244
GRC,2000,2372
GRD,2022,0
GRD,2021,0
GRD,2020,0
GRD,2011,0
GRD,2010,5
GTM,2025,4088
GTM,2024,3370
GTM,2023,2051
GTM,2022,1519
GTM,2021,1470
GTM,2020,784
GTM,2019,631
GTM,2018,251
GTM,2017,28
GTM,2016,0
GTM,2015,123
GTM,2014,97
GTM,2013,14
GTM,2012,5
GTM,2011,5
GTM,2010,0
GTM,2009,0
GTM,2008,5
GTM,2007,0
GTM,2006,0
GTM,2005,0
GTM,2004,0
GTM,2003,0
GTM,2002,7
GTM,2001,9
GTM,2000,5
GIN,2025,172
GIN,2024,172
GIN,2023,54
GIN,2022,53
GIN,2021,253
GIN,2020,3543
GIN,2019,1980
GIN,2018,1578
GIN,2017,108
GIN,2016,104
GIN,2015,199
GIN,2014,283
GIN,2013,309
GIN,2012,530
GIN,2011,604
GIN,2010,763
GIN,2009,923
GIN,2008,628
GIN,2007,4017
GIN,2006,3883
GIN,2005,3809
GIN,2004,6317
GIN,2003,2545
GIN,2002,371
GIN,2001,872
GNB,2025,30
GNB,2024,30
GNB,2023,30
GNB,2022,30
GNB,2021,30
GNB,2020,30
GNB,2019,30
GNB,2018,21
GNB,2017,11
GNB,2016,29
GNB,2015,115
GNB,2014,115
GNB,2013,104
GNB,2012,95
GNB,2011,88
GNB,2010,323
GNB,2009,291
GNB,2008,325
GNB,2007,341
GNB,2006,313
GNB,2005,161
GNB,2004,139
GNB,2003,77
GNB,2002,38
GNB,2001,371
GNB,2000,48
GUY,2025,29
GUY,2024,52
GUY,2023,55
GUY,2022,163
GUY,2021,94
GUY,2020,72
GUY,2019,57
GUY,2018,12
GUY,2017,0
GUY,2016,0
GUY,2015,0
GUY,2014,0
GUY,2013,0
GUY,2012,0
GUY,2011,0
HTI,2025,0
HTI,2024,0
HTI,2023,0
HTI,2022,0
HTI,2021,0
HTI,2020,5
HTI,2019,5
HTI,2018,0
HTI,2017,0
HTI,2016,0
HTI,2015,10
HTI,2013,8
HTI,2012,11
HTI,2011,6
HTI,2010,5
HTI,2009,12
HND,2025,441
HND,2024,139
HND,2023,101
HND,2022,107
HND,2021,99
HND,2020,116
HND,2019,109
HND,2018,55
HND,2017,11
HND,2016,10
HND,2015,10
HND,2014,14
HND,2013,22
HND,2012,0
HND,2011,0
HND,2010,0
HND,2009,0
HND,2008,0
HND,2007,16
HND,2006,0
HND,2005,48
HND,2004,21
HND,2003,0
HND,2002,5
HND,2001,5
HND,2000,6
HKG,2025,0
HKG,2024,0
HKG,2023,0
HKG,2022,0
HKG,2021,0
HKG,2020,0
HKG,2019,0
HKG,2018,0
HKG,2017,5
HKG,2016,0
HKG,2015,2298
HKG,2014,2223
HKG,2013,1848
HKG,2012,798
HKG,2011,574
HKG,2010,451
HKG,2009,769
HKG,2008,1088
HKG,2007,1891
HKG,2006,2382
HKG,2005,1078
HKG,2004,655
HKG,2003,179
HKG,2002,171
HKG,2001,459
HKG,2000,41
HUN,2025,42
HUN,2024,0
HUN,2023,5
HUN,2022,20
HUN,2021,5
HUN,2020,38
HUN,2019,222
HUN,2018,120
HUN,2017,666
HUN,2016,3396
HUN,2015,36671
HUN,2014,15664
HUN,2013,1876
HUN,2012,386
HUN,2011,360
HUN,2010,354
HUN,2009,641
HUN,2008,2514
HUN,2007,1559
HUN,2006,513
HUN,2005,665
HUN,2004,340
HUN,2003,758
HUN,2002,1049
HUN,2001,2387
HUN,2000,1627
ISL,2025,660
ISL,2024,1081
ISL,2023,2850
ISL,2022,981
ISL,2021,306
ISL,2020,181
ISL,2019,365
ISL,2018,437
ISL,2017,327
ISL,2016,324
ISL,2015,159
ISL,2014,210
ISL,2013,267
ISL,2012,87
ISL,2011,56
ISL,2010,25
ISL,2009,5
ISL,2008,25
ISL,2007,12
ISL,2006,11
ISL,2005,10
ISL,2004,5
ISL,2003,0
ISL,2002,13
ISL,2001,15
ISL,2000,5
IND,2025,15075
IND,2024,13243
IND,2023,11926
IND,2022,15794
IND,2021,13368
IND,2020,11217
IND,2019,12202
IND,2018,11938
IND,2017,10508
IND,2016,9209
IND,2015,6476
IND,2014,5057
IND,2013,3669
IND,2012,3549
IND,2011,3508
IND,2010,3741
IND,2009,5436
IND,2008,3774
IND,2007,2415
IND,2006,671
IND,2005,296
IND,2004,304
IND,2003,530
IND,2002,493
IND,2001,204
IND,2000,58
IDN,2025,4697
IDN,2024,4165
IDN,2023,3793
IDN,2022,2889
IDN,2021,3116
IDN,2020,3597
IDN,2019,3343
IDN,2018,3196
IDN,2017,4016
IDN,2016,6558
IDN,2015,7566
IDN,2014,6904
IDN,2013,7087
IDN,2012,6107
IDN,2011,3226
IDN,2010,2058
IDN,2009,1760
IDN,2008,346
IDN,2007,199
IDN,2006,259
IDN,2005,43
IDN,2004,43
IDN,2003,56
IDN,2002,228
IDN,2001,793
IDN,2000,367
IRN,2025,0
IRN,2024,0
IRN,2023,0
IRN,2022,34
IRN,2021,34
IRN,2020,34
IRN,2019,33
IRN,2018,33
IRN,2017,84
IRN,2016,91
IRN,2015,42
IRN,2014,42
IRN,2013,46
IRN,2012,18
IRN,2011,442
IRN,2010,1767
IRN,2009,1851
IRN,2008,1705
IRN,2007,1184
IRN,2006,1017
IRN,2005,138
IRN,2004,48
IRN,2003,0
IRN,2002,5
IRN,2001,0
IRN,2000,12228
IRQ,2025,23366
IRQ,2024,16882
IRQ,2023,12586
IRQ,2022,10621
IRQ,2021,11508
IRQ,2020,12670
IRQ,2019,12938
IRQ,2018,14013
IRQ,2017,13035
IRQ,2016,11488
IRQ,2015,7414
IRQ,2014,8468
IRQ,2013,5991
IRQ,2012,4908
IRQ,2011,4195
IRQ,2010,3072
IRQ,2009,3794
IRQ,2008,2059
IRQ,2007,2413
IRQ,2006,2180
IRQ,2005,1948
IRQ,2004,1353
IRQ,2003,437
IRQ,2002,437
IRQ,2001,394
IRQ,2000,945
IRL,2025,33728
IRL,2024,31711
IRL,2023,22250
IRL,2022,15108
IRL,2021,6904
IRL,2020,7393
IRL,2019,7853
IRL,2018,7159
IRL,2017,5991
IRL,2016,4221
IRL,2015,4982
IRL,2014,4576
IRL,2013,5464
IRL,2012,5423
IRL,2011,5380
IRL,2010,5088
IRL,2009,2725
IRL,2008,4583
IRL,2007,4364
IRL,2006,3406
IRL,2005,2414
IRL,2004,3667
IRL,2003,7366
IRL,2002,6967
IRL,2001,10841
IRL,2000,12067
ISR,2025,29682
ISR,2024,26147
ISR,2023,25464
ISR,2022,25166
ISR,2021,27083
ISR,2020,32518
ISR,2019,38479
ISR,2018,35569
ISR,2017,29704
ISR,2016,21274
ISR,2015,11677
ISR,2014,5558
ISR,2013,4760
ISR,2012,5682
ISR,2011,6444
ISR,2010,5574
ISR,2009,4143
ISR,2008,4601
ISR,2007,5734
ISR,2006,826
ISR,2005,908
ISR,2004,0
ISR,2003,703
ISR,2002,688
ISR,2001,552
ISR,2000,326
ITA,2025,234144
ITA,2024,207278
ITA,2023,146922
ITA,2022,79979
ITA,2021,51779
ITA,2020,53901
ITA,2019,47030
ITA,2018,105606
ITA,2017,186645
ITA,2016,99896
ITA,2015,60135
ITA,2014,45730
ITA,2013,13635
ITA,2012,14320
ITA,2011,13525
ITA,2010,4070
ITA,2009,4365
ITA,2008,0
ITA,2007,1500
ITA,2006,0
ITA,2005,0
ITA,2004,0
ITA,2003,0
ITA,2002,0
ITA,2001,0
ITA,2000,113
JAM,2022,0
JAM,2021,5
JAM,2020,5
JAM,2019,5
JAM,2018,21
JAM,2017,8
JAM,2016,8
JAM,2015,0
JAM,2014,0
JAM,2013,0
JAM,2012,0
JAM,2011,0
JAM,2010,0
JAM,2009,0
JAM,2000,0
JPN,2025,22647
JPN,2024,31293
JPN,2023,23916
JPN,2022,12473
JPN,2021,16709
JPN,2020,23765
JPN,2019,29123
JPN,2018,29040
JPN,2017,31204
JPN,2016,18801
JPN,2015,13823
JPN,2014,9284
JPN,2013,6730
JPN,2012,4695
JPN,2011,3680
JPN,2010,3023
JPN,2009,2931
JPN,2008,2292
JPN,2007,1502
JPN,2006,1214
JPN,2005,520
JPN,2004,474
JPN,2003,424
JPN,2002,314
JPN,2001,321
JPN,2000,282
JOR,2025,8068
JOR,2024,31747
JOR,2023,39775
JOR,2022,45177
JOR,2021,47197
JOR,2020,49686
JOR,2019,51283
JOR,2018,52536
JOR,2017,43809
JOR,2016,35600
JOR,2015,24906
JOR,2014,18776
JOR,2013,4383
JOR,2012,2934
JOR,2011,4968
JOR,2010,2137
JOR,2009,599
JOR,2008,668
JOR,2007,350
JOR,2006,19233
JOR,2005,16563
JOR,2004,12450
JOR,2003,6728
JOR,2002,3781
JOR,2001,5293
JOR,2000,7865
KAZ,2025,163
KAZ,2024,319
KAZ,2023,476
KAZ,2022,840
KAZ,2021,305
KAZ,2020,223
KAZ,2019,212
KAZ,2018,190
KAZ,2017,207
KAZ,2016,133
KAZ,2015,89
KAZ,2014,92
KAZ,2013,74
KAZ,2012,81
KAZ,2011,63
KAZ,2010,314
KAZ,2009,129
KAZ,2008,123
KAZ,2007,71
KAZ,2006,93
KAZ,2005,62
KAZ,2004,5
KAZ,2003,0
KAZ,2002,0
KAZ,2001,10
KAZ,2000,5
KEN,2025,218646
KEN,2024,219647
KEN,2023,152942
KEN,2022,69011
KEN,2021,59001
KEN,2020,51916
KEN,2019,50829
KEN,2018,50458
KEN,2017,56499
KEN,2016,43748
KEN,2015,39953
KEN,2014,33994
KEN,2013,52271
KEN,2012,41940
KEN,2011,35268
KEN,2010,27957
KEN,2009,18961
KEN,2008,8762
KEN,2007,5762
KEN,2006,18508
KEN,2005,16446
KEN,2004,9469
KEN,2003,4015
KEN,2002,2418
KEN,2001,12596
KEN,2000,8708
KOR,2025,39106
KOR,2024,35843
KOR,2023,26738
KOR,2022,15952
KOR,2021,12146
KOR,2020,20073
KOR,2019,25562
KOR,2018,19827
KOR,2017,9559
KOR,2016,6835
KOR,2015,5426
KOR,2014,3470
KOR,2013,2387
KOR,2012,1526
KOR,2011,1159
KOR,2010,694
KOR,2009,643
KOR,2008,1287
KOR,2007,1152
KOR,2006,617
KOR,2005,509
KOR,2004,238
KOR,2003,126
KOR,2002,62
KOR,2001,66
KOR,2000,37
KWT,2025,611
KWT,2024,783
KWT,2023,879
KWT,2022,960
KWT,2021,1085
KWT,2020,1054
KWT,2019,1079
KWT,2018,983
KWT,2017,948
KWT,2016,823
KWT,2015,903
KWT,2014,1039
KWT,2013,1029
KWT,2012,831
KWT,2011,1114
KWT,2010,3272
KWT,2009,2984
KWT,2008,2648
KWT,2007,703
KWT,2006,527
KWT,2005,209
KWT,2004,160
KWT,2003,192
KWT,2002,187
KWT,2001,82
KWT,2000,56
KGZ,2025,1981
KGZ,2024,1735
KGZ,2023,1203
KGZ,2022,669
KGZ,2021,681
KGZ,2020,343
KGZ,2019,164
KGZ,2018,105
KGZ,2017,107
KGZ,2016,120
KGZ,2015,160
KGZ,2014,210
KGZ,2013,379
KGZ,2012,348
KGZ,2011,404
KGZ,2010,548
KGZ,2009,490
KGZ,2008,753
KGZ,2007,711
KGZ,2006,569
KGZ,2005,488
KGZ,2004,446
KGZ,2003,634
KGZ,2002,652
KGZ,2001,470
KGZ,2000,386
LVA,2025,487
LVA,2024,263
LVA,2023,552
LVA,2022,249
LVA,2021,209
LVA,2020,73
LVA,2019,41
LVA,2018,45
LVA,2017,54
LVA,2016,151
LVA,2015,182
LVA,2014,235
LVA,2013,183
LVA,2012,171
LVA,2011,216
LVA,2010,43
LVA,2009,54
LVA,2008,33
LVA,2007,11
LVA,2006,0
LVA,2005,7
LVA,2004,0
LVA,2003,0
LVA,2002,8
LVA,2001,0
LVA,2000,0
LBN,2025,7617
LBN,2024,6748
LBN,2023,7614
LBN,2022,7995
LBN,2021,8717
LBN,2020,10278
LBN,2019,12095
LBN,2018,16404
LBN,2017,15321
LBN,2016,13724
LBN,2015,12114
LBN,2014,7435
LBN,2013,2257
LBN,2012,1906
LBN,2011,1725
LBN,2010,1407
LBN,2009,584
LBN,2008,511
LBN,2007,569
LBN,2006,2557
LBN,2005,1438
LBN,2004,671
LBN,2003,523
LBN,2002,156
LBN,2001,3676
LBN,2000,6023
LSO,2025,202
LSO,2024,191
LSO,2023,363
LSO,2022,288
LSO,2021,226
LSO,2020,179
LSO,2019,78
LSO,2018,36
LSO,2017,28
LSO,2016,5
LSO,2015,0
LSO,2014,0
LSO,2013,0
LSO,2012,0
LSO,2011,0
LBR,2025,725
LBR,2024,687
LBR,2023,618
LBR,2022,821
LBR,2021,9818
LBR,2020,10668
LBR,2019,11
LBR,2018,40
LBR,2017,30
LBR,2016,14
LBR,2015,11
LBR,2014,33
LBR,2013,48
LBR,2012,46
LBR,2011,569
LBR,2010,26
LBR,2009,532
LBR,2008,30
LBR,2007,88
LBR,2006,48
LBR,2005,25
LBR,2004,0
LBR,2003,0
LBR,2002,7
LBY,2025,105954
LBY,2024,76675
LBY,2023,54837
LBY,2022,42509
LBY,2021,36741
LBY,2020,40039
LBY,2019,40718
LBY,2018,47403
LBY,2017,35650
LBY,2016,29221
LBY,2015,27463
LBY,2014,8886
LBY,2013,6592
LBY,2012,6544
LBY,2011,2883
LBY,2010,3185
LBY,2009,3311
LBY,2008,4833
LBY,2007,2771
LBY,2006,1985
LBY,2005,196
LBY,2004,196
LBY,2003,55
LBY,2002,29
LBY,2001,12
LBY,2000,208
LIE,2025,37
LIE,2024,34
LIE,2023,10
LIE,2022,6
LIE,2021,22
LIE,2020,20
LIE,2019,29
LIE,2018,70
LIE,2017,79
LIE,2016,78
LIE,2015,87
LIE,2014,66
LIE,2013,20
LIE,2012,17
LIE,2011,48
LIE,2010,35
LIE,2009,48
LIE,2008,10
LIE,2007,10
LIE,2006,24
LIE,2005,58
LIE,2004,61
LIE,2003,85
LIE,2002,126
LIE,2001,184
LTU,2025,156
LTU,2024,298
LTU,2023,333
LTU,2022,491
LTU,2021,122
LTU,2020,122
LTU,2019,408
LTU,2018,273
LTU,2017,249
LTU,2016,147
LTU,2015,75
LTU,2014,139
LTU,2013,74
LTU,2012,70
LTU,2011,73
LTU,2010,67
LTU,2009,69
LTU,2008,93
LTU,2007,25
LTU,2006,40
LTU,2005,51
LTU,2004,22
LTU,2003,90
LTU,2002,212
LTU,2001,84
LTU,2000,56
LUX,2025,3050
LUX,2024,4285
LUX,2023,3745
LUX,2022,2615
LUX,2021,1765
LUX,2020,1400
LUX,2019,1785
LUX,2018,1485
LUX,2017,1495
LUX,2016,2186
LUX,2015,2349
LUX,2014,1226
LUX,2013,1003
LUX,2012,1239
LUX,2011,1694
LUX,2010,660
LUX,2009,442
LUX,2008,29
LUX,2007,38
LUX,2006,50
MAC,2017,5
MAC,2016,5
MAC,2015,5
MAC,2014,5
MAC,2013,5
MAC,2012,5
MAC,2011,10
MAC,2010,10
MAC,2009,5
MDG,2025,1279
MDG,2024,1173
MDG,2023,938
MDG,2022,114
MDG,2021,122
MDG,2020,189
MDG,2019,128
MDG,2018,90
MDG,2017,57
MDG,2016,27
MDG,2015,10
MDG,2014,5
MDG,2013,0
MDG,2012,0
MDG,2011,0
MWI,2025,25251
MWI,2024,21149
MWI,2023,17695
MWI,2022,21263
MWI,2021,30904
MWI,2020,33129
MWI,2019,30293
MWI,2018,23135
MWI,2017,25987
MWI,2016,21022
MWI,2015,14467
MWI,2014,14493
MWI,2013,11136
MWI,2012,10110
MWI,2011,10542
MWI,2010,9356
MWI,2009,4600
MWI,2008,6538
MWI,2007,6776
MWI,2006,5244
MWI,2005,5325
MWI,2004,3332
MWI,2003,8846
MWI,2002,11065
MYS,2025,63011
MYS,2024,52926
MYS,2023,48571
MYS,2022,47433
MYS,2021,49372
MYS,2020,49822
MYS,2019,50619
MYS,2018,41801
MYS,2017,47509
MYS,2016,56313
MYS,2015,60393
MYS,2014,51217
MYS,2013,43007
MYS,2012,11623
MYS,2011,10918
MYS,2010,11317
MYS,2009,10253
MYS,2008,9322
MYS,2007,6834
MYS,2006,9173
MYS,2005,10829
MYS,2004,10313
MYS,2003,9199
MYS,2002,1574
MYS,2001,238
MYS,2000,21
MLI,2025,322
MLI,2024,294
MLI,2023,273
MLI,2022,880
MLI,2021,863
MLI,2020,969
MLI,2019,1004
MLI,2018,917
MLI,2017,554
MLI,2016,299
MLI,2015,336
MLI,2014,633
MLI,2013,287
MLI,2012,236
MLI,2011,2497
MLI,2010,1702
MLI,2009,1702
MLI,2008,1910
MLI,2007,1905
MLI,2006,1879
MLI,2005,1829
MLI,2004,1081
MLI,2003,710
MLI,2002,716
MLI,2001,804
MLI,2000,710
MLT,2025,1390
MLT,2024,1470
MLT,2023,815
MLT,2022,2070
MLT,2021,3674
MLT,2020,4047
MLT,2019,3681
MLT,2018,1860
MLT,2017,1349
MLT,2016,868
MLT,2015,574
MLT,2014,176
MLT,2013,900
MLT,2012,754
MLT,2011,1448
MLT,2010,1282
MLT,2009,1824
MLT,2008,1223
MLT,2007,862
MLT,2006,205
MLT,2005,147
MLT,2004,140
MLT,2003,54
MLT,2002,23
MLT,2001,53
MLT,2000,10
MRT,2025,7378
MRT,2024,7084
MRT,2023,5927
MRT,2022,5389
MRT,2021,3369
MRT,2020,1960
MRT,2019,1540
MRT,2018,1126
MRT,2017,746
MRT,2016,573
MRT,2015,492
MRT,2014,417
MRT,2013,839
MRT,2012,796
MRT,2011,269
MRT,2010,237
MRT,2009,112
MRT,2008,53
MRT,2007,18
MRT,2006,92
MRT,2005,92
MRT,2004,110
MRT,2003,50
MRT,2002,15
MRT,2001,27
MRT,2000,41
MUS,2025,233
MUS,2024,72
MUS,2023,19
MUS,2021,0
MUS,2020,0
MUS,2019,5
MUS,2018,0
MUS,2017,0
MUS,2016,5
MEX,2025,173532
MEX,2024,266710
MEX,2023,257396
MEX,2022,210609
MEX,2021,157150
MEX,2020,83792
MEX,2019,69451
MEX,2018,23833
MEX,2017,10357
MEX,2016,2636
MEX,2015,1344
MEX,2014,2862
MEX,2013,1347
MEX,2012,353
MEX,2011,611
MEX,2010,156
MEX,2009,87
MEX,2008,15
MEX,2007,44
MEX,2006,128
MEX,2005,142
MEX,2004,154
MEX,2003,66
MEX,2002,15
MEX,2001,10
MEX,2000,6
FSM,2016,0
FSM,2015,10
MDA,2025,594
MDA,2024,904
MDA,2023,556
MDA,2022,3620
MDA,2021,56
MDA,2020,59
MDA,2019,94
MDA,2018,93
MDA,2017,61
MDA,2016,75
MDA,2015,94
MDA,2014,130
MDA,2013,62
MDA,2012,53
MDA,2011,42
MDA,2010,74
MDA,2009,45
MDA,2008,18
MDA,2007,63
MDA,2006,60
MDA,2005,137
MDA,2004,184
MDA,2003,131
MDA,2002,83
MDA,2001,105
MDA,2000,187
MCO,2025,0
MCO,2024,0
MCO,2023,0
MCO,2022,0
MCO,2021,0
MCO,2020,0
MCO,2019,0
MCO,2018,0
MCO,2017,0
MCO,2016,0
MCO,2015,0
MCO,2014,0
MCO,2013,0
MCO,2012,0
MCO,2011,0
MNG,2025,15
MNG,2024,15
MNG,2023,0
MNG,2022,0
MNG,2021,5
MNG,2020,10
MNG,2019,5
MNG,2018,0
MNG,2017,5
MNG,2016,0
MNG,2015,5
MNG,2014,5
MNG,2013,5
MNG,2012,11
MNG,2011,5
MNG,2010,0
MNG,2009,0
MNG,2008,0
MNG,2007,5
MNG,2006,0
MNG,2005,0
MNE,2025,175
MNE,2024,150
MNE,2023,174
MNE,2022,167
MNE,2021,132
MNE,2020,193
MNE,2019,484
MNE,2018,162
MNE,2017,173
MNE,2016,73
MNE,2015,18
MNE,2014,70
MNE,2013,189
MNE,2012,108
MNE,2011,34
MNE,2010,5
MNE,2009,7
MNE,2008,0
MNE,2007,0
MNE,2006,11
MAR,2025,15033
MAR,2024,11378
MAR,2023,11340
MAR,2022,10159
MAR,2021,10956
MAR,2020,7011
MAR,2019,3079
MAR,2018,1829
MAR,2017,2050
MAR,2016,1943
MAR,2015,1534
MAR,2014,1828
MAR,2013,3486
MAR,2012,2161
MAR,2011,602
MAR,2010,269
MAR,2009,315
MAR,2008,439
MAR,2007,667
MAR,2006,1368
MAR,2005,1838
MAR,2004,174
MAR,2003,174
MAR,2002,111
MAR,2001,448
MOZ,2025,18972
MOZ,2024,18880
MOZ,2023,18438
MOZ,2022,25919
MOZ,2021,24386
MOZ,2020,22442
MOZ,2019,20975
MOZ,2018,21133
MOZ,2017,18795
MOZ,2016,12976
MOZ,2015,14819
MOZ,2014,13316
MOZ,2013,10664
MOZ,2012,8192
MOZ,2011,9592
MOZ,2010,5902
MOZ,2009,4169
MOZ,2008,4449
MOZ,2007,4156
MOZ,2006,4313
MOZ,2005,4013
MOZ,2004,4886
MOZ,2003,9215
MOZ,2002,6972
MOZ,2001,5304
MOZ,2000,2266
MMR,2025,0
MMR,2024,0
MMR,2023,0
MMR,2022,0
MMR,2021,0
MMR,2020,0
MMR,2019,0
MMR,2018,0
MMR,2017,0
MMR,2016,0
MMR,2015,0
NAM,2025,1326
NAM,2024,1317
NAM,2023,1978
NAM,2022,2512
NAM,2021,2747
NAM,2020,2214
NAM,2019,1906
NAM,2018,1516
NAM,2017,1889
NAM,2016,1664
NAM,2015,1102
NAM,2014,816
NAM,2013,1153
NAM,2012,1084
NAM,2011,925
NAM,2010,1411
NAM,2009,1334
NAM,2008,1326
NAM,2007,1201
NAM,2006,1115
NAM,2005,1064
NAM,2004,2040
NAM,2003,1989
NAM,2002,761
NAM,2001,1817
NAM,2000,1141
NRU,2025,92
NRU,2024,90
NRU,2023,13
NRU,2022,22
NRU,2021,76
NRU,2020,90
NRU,2019,415
NRU,2018,416
NRU,2017,126
NRU,2016,309
NRU,2015,309
NRU,2014,730
NRU,2013,533
NRU,2012,379
NPL,2025,302
NPL,2024,276
NPL,2023,300
NPL,2022,154
NPL,2021,137
NPL,2020,42
NPL,2019,57
NPL,2018,51
NPL,2017,148
NPL,2016,71
NPL,2015,18
NPL,2014,134
NPL,2013,237
NPL,2012,17
NPL,2011,929
NPL,2010,937
NPL,2009,972
NPL,2008,975
NPL,2007,1632
NPL,2006,1477
NPL,2005,1266
NPL,2004,655
NPL,2003,232
NPL,2002,8
NPL,2001,11
NPL,2000,9
NLD,2025,49662
NLD,2024,46840
NLD,2023,43915
NLD,2022,31594
NLD,2021,17106
NLD,2020,11882
NLD,2019,15599
NLD,2018,12303
NLD,2017,5818
NLD,2016,10369
NLD,2015,28030
NLD,2014,6914
NLD,2013,0
NLD,2012,10406
NLD,2011,10406
NLD,2010,13034
NLD,2009,16228
NLD,2008,9743
NLD,2007,5840
NLD,2006,13068
NLD,2005,14617
NLD,2004,28419
NLD,2003,44635
NLD,2002,58134
NLD,2001,78496
NLD,2000,84416
NZL,2025,4584
NZL,2024,3559
NZL,2023,1839
NZL,2022,573
NZL,2021,711
NZL,2020,691
NZL,2019,558
NZL,2018,446
NZL,2017,391
NZL,2016,298
NZL,2015,139
NZL,2014,240
NZL,2013,291
NZL,2012,248
NZL,2011,201
NZL,2010,157
NZL,2009,203
NZL,2008,113
NZL,2007,149
NZL,2006,217
NZL,2005,370
NZL,2004,720
NZL,2003,1019
NZL,2002,1320
NZL,2001,1917
NZL,2000,2337
NIC,2023,124
NIC,2022,124
NIC,2021,126
NIC,2020,126
NIC,2019,126
NIC,2018,126
NIC,2017,407
NIC,2016,338
NIC,2015,126
NIC,2014,57
NIC,2013,15
NIC,2012,11
NIC,2011,10
NIC,2010,15
NIC,2009,0
NIC,2008,0
NIC,2007,19
NIC,2006,5
NIC,2005,0
NIC,2004,0
NIC,2003,15
NIC,2002,15
NIC,2001,15
NIC,2000,10
NER,2025,50004
NER,2024,51959
NER,2023,35570
NER,2022,46705
NER,2021,16501
NER,2020,3285
NER,2019,37896
NER,2018,3547
NER,2017,278
NER,2016,61
NER,2015,103
NER,2014,103
NER,2013,76
NER,2012,99
NER,2011,113
NER,2010,11
NER,2009,30
NER,2008,22
NER,2007,14
NER,2006,18
NER,2005,41
NER,2004,32
NER,2003,27
NER,2002,42
NER,2001,442
NER,2000,442
NGA,2025,18192
NGA,2024,30744
NGA,2023,34170
NGA,2022,1623
NGA,2021,1658
NGA,2020,2787
NGA,2019,1032
NGA,2018,940
NGA,2017,8650
NGA,2016,464
NGA,2015,385
NGA,2014,848
NGA,2013,812
NGA,2012,1038
NGA,2011,1526
NGA,2010,1809
NGA,2009,1143
NGA,2008,1216
NGA,2007,697
NGA,2006,667
NGA,2005,407
NGA,2004,1077
NGA,2003,1120
NGA,2002,25
NGA,2001,137
MKD,2025,38
MKD,2024,26
MKD,2023,39
MKD,2022,19
MKD,2021,25
MKD,2020,21
MKD,2019,75
MKD,2018,5
MKD,2017,26
MKD,2016,15
MKD,2015,15
MKD,2014,1547
MKD,2013,1091
MKD,2012,518
MKD,2011,384
MKD,2010,149
MKD,2009,68
MKD,2008,95
MKD,2007,166
MKD,2006,205
MKD,2005,724
MKD,2004,1232
MKD,2003,2285
MKD,2002,62
MKD,2001,53
MKD,2000,0
NOR,2025,6280
NOR,2024,5913
NOR,2023,4967
NOR,2022,3313
NOR,2021,1268
NOR,2020,1083
NOR,2019,1507
NOR,2018,2246
NOR,2017,2952
NOR,2016,7505
NOR,2015,25274
NOR,2014,7148
NOR,2013,6311
NOR,2012,9317
NOR,2011,11114
NOR,2010,12443
NOR,2009,16621
NOR,2008,13593
NOR,2007,6641
NOR,2006,7924
OMN,2025,414
OMN,2024,420
OMN,2023,421
OMN,2022,421
OMN,2021,497
OMN,2020,330
OMN,2019,254
OMN,2018,254
OMN,2017,398
OMN,2016,365
OMN,2015,190
OMN,2014,232
OMN,2013,80
OMN,2012,21
OMN,2011,45
OMN,2010,13
OMN,2009,12
OMN,2008,44
OMN,2007,35
OMN,2006,0
OMN,2005,0
OMN,2004,21
OMN,2003,21
OMN,2002,26
OMN,2001,21
PAK,2025,119502
PAK,2024,198852
PAK,2023,61648
PAK,2022,38277
PAK,2021,13429
PAK,2020,9794
PAK,2019,8528
PAK,2018,5170
PAK,2017,3487
PAK,2016,4854
PAK,2015,6437
PAK,2014,5524
PAK,2013,5384
PAK,2012,3281
PAK,2011,1617
PAK,2010,2093
PAK,2009,2429
PAK,2008,2950
PAK,2007,3121
PAK,2006,2668
PAK,2005,3413
PAK,2004,8147
PAK,2003,13702
PAK,2002,1597
PAK,2001,575
PAK,2000,616
PLW,2024,0
PLW,2009,0
PAN,2025,4129
PAN,2024,8143
PAN,2023,8419
PAN,2022,8475
PAN,2021,11630
PAN,2020,12892
PAN,2019,17673
PAN,2018,13602
PAN,2017,7289
PAN,2016,4465
PAN,2015,2929
PAN,2014,1395
PAN,2013,624
PAN,2012,357
PAN,2011,782
PAN,2010,469
PAN,2009,778
PAN,2008,596
PAN,2007,524
PAN,2006,241
PAN,2005,426
PAN,2004,260
PAN,2003,95
PAN,2002,82
PAN,2001,53
PAN,2000,85
PNG,2025,3121
PNG,2024,3251
PNG,2023,3298
PNG,2022,3303
PNG,2021,125
PNG,2020,108
PNG,2019,132
PNG,2018,151
PNG,2017,0
PNG,2016,16
PNG,2015,448
PNG,2014,398
PNG,2013,404
PNG,2012,156
PNG,2011,0
PNG,2010,0
PNG,2009,5
PNG,2008,5
PNG,2007,10
PNG,2006,0
PNG,2005,5
PNG,2004,199
PNG,2003,305
PNG,2002,312
PRY,2025,1659
PRY,2024,1578
PRY,2023,1598
PRY,2022,1200
PRY,2021,860
PRY,2020,1452
PRY,2019,680
PRY,2018,350
PRY,2017,69
PRY,2016,31
PRY,2015,27
PRY,2014,9
PRY,2013,0
PRY,2012,5
PRY,2011,5
PRY,2010,0
PRY,2009,0
PRY,2008,0
PRY,2007,14
PRY,2006,0
PRY,2005,8
PRY,2004,0
PRY,2003,5
PRY,2002,5
PRY,2001,12
PRY,2000,0
PER,2025,556770
PER,2024,539957
PER,2023,508429
PER,2022,537461
PER,2021,537047
PER,2020,537552
PER,2019,487049
PER,2018,230845
PER,2017,37728
PER,2016,4368
PER,2015,350
PER,2014,374
PER,2013,500
PER,2012,473
PER,2011,484
PER,2010,257
PER,2009,359
PER,2008,570
PER,2007,533
PER,2006,479
PER,2005,328
PER,2004,222
PER,2003,174
PER,2002,130
PER,2001,56
PER,2000,7
PHL,2025,942
PHL,2024,1380
PHL,2023,1029
PHL,2022,780
PHL,2021,586
PHL,2020,397
PHL,2019,319
PHL,2018,238
PHL,2017,210
PHL,2016,205
PHL,2015,185
PHL,2014,91
PHL,2013,68
PHL,2012,29
PHL,2011,46
PHL,2010,58
PHL,2009,36
PHL,2008,78
PHL,2007,12
PHL,2006,19
PHL,2005,27
PHL,2004,38
PHL,2003,32
PHL,2002,38
PHL,2001,34
PHL,2000,10
POL,2025,13848
POL,2024,10992
POL,2023,6989
POL,2022,3020
POL,2021,3823
POL,2020,3602
POL,2019,4783
POL,2018,3059
POL,2017,2878
POL,2016,3412
POL,2015,3281
POL,2014,2675
POL,2013,2157
POL,2012,2394
POL,2011,2873
POL,2010,2111
POL,2009,2397
POL,2008,4381
POL,2007,5937
POL,2006,1965
POL,2005,1620
POL,2004,3520
POL,2003,1512
POL,2002,2554
PRT,2025,8595
PRT,2024,2563
PRT,2023,1267
PRT,2022,968
PRT,2021,2162
PRT,2020,1154
PRT,2019,1057
PRT,2018,85
PRT,2017,45
PRT,2016,850
PRT,2015,571
PRT,2014,327
PRT,2013,198
PRT,2012,192
PRT,2011,212
PRT,2010,61
PRT,2009,10
QAT,2025,153
QAT,2024,152
QAT,2023,140
QAT,2022,140
QAT,2021,310
QAT,2020,243
QAT,2019,99
QAT,2018,91
QAT,2017,123
QAT,2016,143
QAT,2015,116
QAT,2014,86
QAT,2013,10
QAT,2012,54
QAT,2011,48
QAT,2010,15
QAT,2009,10
QAT,2008,31
QAT,2007,38
QAT,2006,28
QAT,2005,23
QAT,2004,23
QAT,2003,42
QAT,2002,19
QAT,2001,9
QAT,2000,0
ROU,2025,316
ROU,2024,462
ROU,2023,1068
ROU,2022,1172
ROU,2021,1504
ROU,2020,2242
ROU,2019,916
ROU,2018,1476
ROU,2017,1514
ROU,2016,72
ROU,2015,408
ROU,2014,325
ROU,2013,121
ROU,2012,21
ROU,2011,751
ROU,2010,372
ROU,2009,391
ROU,2008,287
ROU,2007,158
ROU,2006,165
ROU,2005,263
ROU,2004,188
ROU,2003,302
ROU,2002,34
RUS,2025,976
RUS,2024,1363
RUS,2023,891
RUS,2022,1066
RUS,2021,524
RUS,2020,813
RUS,2019,1445
RUS,2018,1361
RUS,2017,2168
RUS,2016,3025
RUS,2015,2047
RUS,2014,3051
RUS,2013,1242
RUS,2012,816
RUS,2011,943
RUS,2010,1432
RUS,2009,1679
RUS,2008,1800
RUS,2007,3074
RUS,2006,298
RUS,2005,286
RUS,2004,313
RUS,2003,275
RUS,2002,606
RUS,2001,737
RUS,2000,689
RWA,2025,15251
RWA,2024,14193
RWA,2023,12660
RWA,2022,478
RWA,2021,393
RWA,2020,465
RWA,2019,493
RWA,2018,423
RWA,2017,438
RWA,2016,456
RWA,2015,406
RWA,2014,218
RWA,2013,210
RWA,2012,1473
RWA,2011,291
RWA,2010,284
RWA,2009,278
RWA,2008,347
RWA,2007,725
RWA,2006,3945
RWA,2005,4299
RWA,2004,3240
RWA,2003,3019
RWA,2002,1574
RWA,2001,1715
RWA,2000,1716
WSM,2018,0
WSM,2017,0
WSM,2016,0
WSM,2015,5
SAU,2025,3907
SAU,2024,3907
SAU,2023,3945
SAU,2022,3941
SAU,2021,12449
SAU,2020,9434
SAU,2019,2327
SAU,2018,2167
SAU,2017,82
SAU,2016,51
SAU,2015,33
SAU,2014,99
SAU,2013,98
SAU,2012,98
SAU,2011,80
SAU,2010,85
SAU,2009,101
SAU,2008,189
SAU,2007,284
SAU,2006,269
SAU,2005,212
SAU,2004,172
SAU,2003,94
SAU,2002,125
SAU,2001,235
SAU,2000,173
SEN,2025,1538
SEN,2024,1228
SEN,2023,770
SEN,2022,260
SEN,2021,2045
SEN,2020,1913
SEN,2019,1791
SEN,2018,1699
SEN,2017,3368
SEN,2016,3213
SEN,2015,3116
SEN,2014,2911
SEN,2013,2474
SEN,2012,2333
SEN,2011,2261
SEN,2010,2174
SEN,2009,2792
SEN,2008,2692
SEN,2007,2539
SEN,2006,2633
SEN,2005,2628
SEN,2004,2407
SEN,2003,2260
SEN,2002,1924
SEN,2001,2639
SEN,2000,1948
SRB,2025,134
SRB,2024,202
SRB,2023,163
SRB,2022,191
SRB,2021,223
SRB,2020,302
SRB,2019,274
SRB,2018,219
SRB,2017,141
SRB,2016,122
SRB,2015,108
SRB,2014,439
SRB,2013,380
SRB,2012,315
SRB,2011,392
SRB,2010,194
SRB,2009,25
SRB,2008,34
SRB,2007,11
SRB,2006,0
SRB,2005,24
SRB,2004,38
SRB,2003,33
SRB,2002,30
SRB,2001,50
SRB,2000,8
SLE,2025,0
SLE,2024,0
SLE,2023,0
SLE,2022,0
SLE,2021,0
SLE,2020,0
SLE,2019,0
SLE,2018,0
SLE,2017,0
SLE,2016,5
SLE,2015,12
SLE,2014,12
SLE,2013,36
SLE,2012,66
SLE,2011,61
SLE,2010,204
SLE,2009,207
SLE,2008,329
SLE,2007,226
SLE,2006,228
SLE,2005,174
SLE,2004,136
SLE,2003,136
SLE,2002,278
SLE,2001,273
SLE,2000,458
SGP,2025,0
SGP,2024,0
SGP,2023,0
SGP,2022,0
SGP,2021,0
SGP,2020,0
SGP,2019,0
SGP,2018,0
SGP,2014,0
SGP,2010,0
SGP,2009,0
SGP,2008,0
SGP,2007,21
SGP,2006,10
SXM,2025,141
SXM,2024,144
SXM,2023,128
SXM,2022,122
SXM,2021,41
SXM,2020,8
SXM,2019,5
SXM,2018,0
SXM,2017,0
SXM,2016,5
SXM,2015,10
SXM,2014,5
SXM,2013,0
SXM,2012,5
SXM,2011,0
SXM,2010,5
SVK,2025,16
SVK,2024,80
SVK,2023,92
SVK,2022,104
SVK,2021,43
SVK,2020,44
SVK,2019,5
SVK,2018,17
SVK,2017,26
SVK,2016,38
SVK,2015,173
SVK,2014,220
SVK,2013,200
SVK,2012,194
SVK,2011,185
SVK,2010,267
SVK,2009,254
SVK,2008,307
SVK,2007,578
SVK,2006,2740
SVK,2005,2704
SVK,2004,2905
SVK,2003,4634
SVK,2002,4497
SVK,2001,3143
SVK,2000,379
SVN,2025,722
SVN,2024,845
SVN,2023,1143
SVN,2022,495
SVN,2021,572
SVN,2020,277
SVN,2019,308
SVN,2018,245
SVN,2017,264
SVN,2016,309
SVN,2015,92
SVN,2014,61
SVN,2013,5
SVN,2012,93
SVN,2011,93
SVN,2010,112
SVN,2009,78
SVN,2008,74
SVN,2007,44
SVN,2006,173
SVN,2005,182
SVN,2004,310
SVN,2003,122
SVN,2002,187
SVN,2001,284
SVN,2000,8813
SLB,2024,0
SLB,2023,0
SLB,2022,0
SLB,2021,0
SLB,2018,5
SLB,2015,0
SLB,2014,0
SLB,2013,5
SLB,2012,5
SOM,2025,25702
SOM,2024,22260
SOM,2023,20500
SOM,2022,18578
SOM,2021,16258
SOM,2020,13229
SOM,2019,17789
SOM,2018,16361
SOM,2017,14706
SOM,2016,12792
SOM,2015,10115
SOM,2014,9262
SOM,2013,9877
SOM,2012,8461
SOM,2011,6018
SOM,2010,24111
SOM,2009,24666
SOM,2008,9243
SOM,2007,8705
SOM,2006,1215
SOM,2005,97
SOM,2004,331
SOM,2003,190
SOM,2002,214
SOM,2001,60
SOM,2000,0
ZAF,2025,82358
ZAF,2024,100313
ZAF,2023,86911
ZAF,2022,84316
ZAF,2021,167411
ZAF,2020,173461
ZAF,2019,188235
ZAF,2018,184193
ZAF,2017,191333
ZAF,2016,218275
ZAF,2015,1096021
ZAF,2014,463909
ZAF,2013,237231
ZAF,2012,230420
ZAF,2011,219341
ZAF,2010,171702
ZAF,2009,309794
ZAF,2008,227124
ZAF,2007,170864
ZAF,2006,131107
ZAF,2005,140095
ZAF,2004,115224
ZAF,2003,84089
ZAF,2002,52447
ZAF,2001,11413
ZAF,2000,15139
SSD,2025,3246
SSD,2024,2677
SSD,2023,4871
SSD,2022,2137
SSD,2021,4314
SSD,2020,3763
SSD,2019,3677
SSD,2018,2535
SSD,2017,1895
SSD,2016,1790
SSD,2015,835
SSD,2014,128
SSD,2013,36
SSD,2012,32
SSD,2011,90
ESP,2025,248715
ESP,2024,263965
ESP,2023,204270
ESP,2022,134580
ESP,2021,103850
ESP,2020,103385
ESP,2019,133030
ESP,2018,78685
ESP,2017,34866
ESP,2016,20360
ESP,2015,11023
ESP,2014,7508
ESP,2013,4329
ESP,2012,2790
ESP,2011,2670
ESP,2010,2688
ESP,2009,3280
LKA,2025,271
LKA,2024,268
LKA,2023,178
LKA,2022,221
LKA,2021,201
LKA,2020,224
LKA,2019,361
LKA,2018,744
LKA,2017,629
LKA,2016,573
LKA,2015,602
LKA,2014,945
LKA,2013,1605
LKA,2012,255
LKA,2011,198
LKA,2010,134
LKA,2009,338
LKA,2008,389
LKA,2007,196
LKA,2006,130
LKA,2005,117
LKA,2004,48
LKA,2003,5
LKA,2002,13
LKA,2001,30
LKA,2000,20
KNA,2025,0
KNA,2024,0
KNA,2023,0
KNA,2022,0
KNA,2021,0
KNA,2020,0
KNA,2019,0
KNA,2018,0
KNA,2017,5
LCA,2025,0
LCA,2024,0
LCA,2023,5
LCA,2013,0
LCA,2011,5
LCA,2010,6
LCA,2009,5
VCT,2022,0
VCT,2021,0
VCT,2020,0
VCT,2019,0
SDN,2025,50147
SDN,2024,44593
SDN,2023,39510
SDN,2022,31830
SDN,2021,26619
SDN,2020,16023
SDN,2019,15541
SDN,2018,17619
SDN,2017,18212
SDN,2016,16056
SDN,2015,12582
SDN,2014,10194
SDN,2013,10792
SDN,2012,7665
SDN,2011,6896
SDN,2010,6038
SDN,2009,5936
SDN,2008,5862
SDN,2007,7322
SDN,2006,4456
SDN,2005,4420
SDN,2004,4265
SDN,2003,477
SDN,2002,23449
SDN,2001,5
SDN,2000,3203
SUR,2025,3191
SUR,2024,3217
SUR,2023,2609
SUR,2022,2546
SUR,2021,2133
SUR,2020,1988
SUR,2019,1426
SUR,2018,206
SUR,2017,67
SUR,2016,43
SWE,2025,4661
SWE,2024,5490
SWE,2023,11271
SWE,2022,14469
SWE,2021,13954
SWE,2020,18603
SWE,2019,28006
SWE,2018,37892
SWE,2017,51588
SWE,2016,83040
SWE,2015,157017
SWE,2014,56748
SWE,2013,27705
SWE,2012,22830
SWE,2011,18106
SWE,2010,18606
SWE,2009,18932
SWE,2008,24075
SWE,2007,27686
SWE,2006,17384
SWE,2005,15670
SWE,2004,28006
SWE,2003,35250
SWE,2002,33277
SWE,2001,17600
SWE,2000,10800
CHE,2025,17039
CHE,2024,17010
CHE,2023,18884
CHE,2022,14904
CHE,2021,7109
CHE,2020,6547
CHE,2019,11200
CHE,2018,14776
CHE,2017,23728
CHE,2016,30778
CHE,2015,32691
CHE,2014,20805
CHE,2013,22087
CHE,2012,21670
CHE,2011,16893
CHE,2010,12884
CHE,2009,17127
CHE,2008,17155
CHE,2007,10729
CHE,2006,12374
CHE,2005,14405
CHE,2004,18616
CHE,2003,24529
CHE,2002,28080
CHE,2001,25637
CHE,2000,27454
SYR,2025,4144
SYR,2024,4767
SYR,2023,4861
SYR,2022,5538
SYR,2021,8765
SYR,2020,8769
SYR,2019,12065
SYR,2018,18631
SYR,2017,18098
SYR,2016,12484
SYR,2015,5248
SYR,2014,2747
SYR,2013,2480
SYR,2012,2216
SYR,2011,1813
SYR,2010,2435
SYR,2009,3054
SYR,2008,2237
SYR,2007,5862
SYR,2006,5187
SYR,2005,1888
SYR,2004,771
SYR,2003,931
SYR,2002,489
SYR,2001,598
SYR,2000,2638
TJK,2025,3238
TJK,2024,3034
TJK,2023,1387
TJK,2022,1113
TJK,2021,3046
TJK,2020,408
TJK,2019,1413
TJK,2018,315
TJK,2017,440
TJK,2016,431
TJK,2015,286
TJK,2014,123
TJK,2013,2270
TJK,2012,2140
TJK,2011,2026
TJK,2010,1654
TJK,2009,1510
TJK,2008,41
TJK,2007,142
TJK,2006,238
TJK,2005,22
TJK,2004,458
TJK,2003,433
TJK,2002,365
TJK,2001,381
TJK,2000,233
TZA,2025,43262
TZA,2024,41264
TZA,2023,40143
TZA,2022,28745
TZA,2021,27769
TZA,2020,28748
TZA,2019,29554
TZA,2018,39659
TZA,2017,44172
TZA,2016,8539
TZA,2015,2150
TZA,2014,883
TZA,2013,407
TZA,2012,521
TZA,2011,707
TZA,2010,1246
TZA,2009,843
TZA,2008,255
TZA,2007,309
TZA,2006,376
TZA,2005,301
TZA,2004,161
TZA,2003,161
TZA,2002,165
TZA,2001,21327
TZA,2000,21418
THA,2025,2880
THA,2024,2604
THA,2023,1674
THA,2022,926
THA,2021,677
THA,2020,852
THA,2019,837
THA,2018,934
THA,2017,2046
THA,2016,4986
THA,2015,8248
THA,2014,7917
THA,2013,4685
THA,2012,14554
THA,2011,13331
THA,2010,10233
THA,2009,10245
THA,2008,12563
THA,2007,13471
THA,2006,18406
THA,2005,32137
THA,2004,1038
THA,2003,2645
THA,2002,1051
THA,2001,343
THA,2000,360
TLS,2015,0
TLS,2014,0
TLS,2013,0
TLS,2012,0
TLS,2011,0
TLS,2010,0
TLS,2009,5
TLS,2008,12
TLS,2007,0
TLS,2006,0
TLS,2005,8
TLS,2004,8
TLS,2003,12
TLS,2002,5
TLS,2001,6
TGO,2025,4282
TGO,2024,1262
TGO,2023,4400
TGO,2022,576
TGO,2021,810
TGO,2020,660
TGO,2019,692
TGO,2018,694
TGO,2017,744
TGO,2016,777
TGO,2015,745
TGO,2014,710
TGO,2013,426
TGO,2012,399
TGO,2011,375
TGO,2010,144
TGO,2009,148
TGO,2008,448
TGO,2007,124
TGO,2006,434
TGO,2005,407
TGO,2004,372
TGO,2003,329
TGO,2002,118
TGO,2001,76
TGO,2000,79
TTO,2025,23369
TTO,2024,20806
TTO,2023,28617
TTO,2022,20369
TTO,2021,21622
TTO,2020,19926
TTO,2019,17364
TTO,2018,9937
TTO,2017,1975
TTO,2016,202
TTO,2015,87
TTO,2014,80
TTO,2013,38
TTO,2012,0
TTO,2011,5
TTO,2010,96
TTO,2009,192
TTO,2008,93
TTO,2007,96
TUN,2025,5523
TUN,2024,9620
TUN,2023,11093
TUN,2022,5630
TUN,2021,6140
TUN,2020,3700
TUN,2019,1517
TUN,2018,250
TUN,2017,36
TUN,2016,30
TUN,2015,80
TUN,2014,223
TUN,2013,351
TUN,2012,335
TUN,2011,544
TUN,2010,24
TUN,2009,32
TUN,2008,45
TUN,2007,52
TUN,2006,66
TUN,2005,28
TUN,2004,5
TUN,2003,6
TUN,2002,10
TUN,2001,17
TUN,2000,5
TUR,2025,102497
TUR,2024,154083
TUR,2023,222069
TUR,2022,272336
TUR,2021,304970
TUR,2020,322188
TUR,2019,328257
TUR,2018,311699
TUR,2017,308838
TUR,2016,245926
TUR,2015,212368
TUR,2014,106357
TUR,2013,52448
TUR,2012,23785
TUR,2011,10936
TUR,2010,6699
TUR,2009,5969
TUR,2008,7107
TUR,2007,5166
TUR,2006,6202
TUR,2005,4870
TUR,2004,3929
TUR,2003,3448
TUR,2002,2577
TUR,2001,4168
TUR,2000,5200
TKM,2025,0
TKM,2024,0
TKM,2023,0
TKM,2022,0
TKM,2021,0
TKM,2020,0
TKM,2019,0
TKM,2018,0
TKM,2017,0
TKM,2016,0
TKM,2015,0
TKM,2014,0
TKM,2013,0
TKM,2012,0
TKM,2011,0
TKM,2010,0
TKM,2009,0
TKM,2008,0
TKM,2007,16
TKM,2006,0
TKM,2005,0
TKM,2004,0
TKM,2003,5
TKM,2002,0
TKM,2001,489
TKM,2000,566
TCA,2025,0
TCA,2024,0
TCA,2023,0
TCA,2022,0
TCA,2021,0
TCA,2020,0
TCA,2019,0
TCA,2018,0
TCA,2017,0
TCA,2016,0
TCA,2015,0
TCA,2014,5
TCA,2013,5
TCA,2012,21
UGA,2025,35249
UGA,2024,37105
UGA,2023,37657
UGA,2022,32166
UGA,2021,43388
UGA,2020,25236
UGA,2019,21658
UGA,2018,25269
UGA,2017,44635
UGA,2016,41872
UGA,2015,35768
UGA,2014,35468
UGA,2013,24216
UGA,2012,28061
UGA,2011,23449
UGA,2010,20803
UGA,2009,11551
UGA,2008,9248
UGA,2007,5776
UGA,2006,5812
UGA,2005,1806
UGA,2004,1806
UGA,2003,723
UGA,2002,544
UGA,2001,629
UGA,2000,2466
UKR,2025,443
UKR,2024,487
UKR,2023,498
UKR,2022,502
UKR,2021,2719
UKR,2020,2359
UKR,2019,2386
UKR,2018,6389
UKR,2017,6210
UKR,2016,6536
UKR,2015,6479
UKR,2014,5889
UKR,2013,5458
UKR,2012,5062
UKR,2011,3589
UKR,2010,2949
UKR,2009,2030
UKR,2008,1300
UKR,2007,1283
UKR,2006,1157
UKR,2005,1591
UKR,2004,1803
UKR,2003,874
UKR,2002,400
UKR,2001,171
UKR,2000,75
ARE,2025,6257
ARE,2024,6257
ARE,2023,7044
ARE,2022,7110
ARE,2021,7203
ARE,2020,7229
ARE,2019,7266
ARE,2018,6500
ARE,2017,1882
ARE,2016,605
ARE,2015,422
ARE,2014,212
ARE,2013,74
ARE,2012,91
ARE,2011,41
ARE,2010,88
ARE,2009,76
ARE,2008,67
ARE,2007,66
ARE,2006,31
ARE,2005,77
ARE,2004,52
ARE,2003,61
ARE,2002,272
ARE,2001,355
ARE,2000,329
GBR,2025,144747
GBR,2024,124783
GBR,2023,138156
GBR,2022,167289
GBR,2021,104897
GBR,2020,77245
GBR,2019,61947
GBR,2018,45234
GBR,2017,40354
GBR,2016,43496
GBR,2015,45853
GBR,2014,36354
GBR,2013,25100
GBR,2012,18896
GBR,2011,16861
GBR,2010,14880
GBR,2009,12406
GBR,2008,13600
GBR,2007,10800
GBR,2006,12400
GBR,2005,12500
GBR,2004,9700
GBR,2003,23900
GBR,2002,41300
GBR,2001,38800
GBR,2000,88600
USA,2025,3718945
USA,2024,3184162
USA,2023,2601468
USA,2022,1798790
USA,2021,1303181
USA,2020,997996
USA,2019,847608
USA,2018,718992
USA,2017,642719
USA,2016,439864
USA,2015,286177
USA,2014,187815
USA,2013,84317
USA,2012,18946
USA,2011,11700
USA,2010,6276
USA,2009,63758
USA,2008,69188
USA,2007,83855
USA,2006,124194
USA,2005,169706
USA,2004,263675
USA,2003,350860
USA,2002,395358
USA,2001,395849
USA,2000,386303
URY,2025,27288
URY,2024,30827
URY,2023,24173
URY,2022,16479
URY,2021,13519
URY,2020,10631
URY,2019,13742
URY,2018,6404
URY,2017,2089
URY,2016,352
URY,2015,69
URY,2014,51
URY,2013,38
URY,2012,40
URY,2011,49
URY,2010,33
URY,2009,32
URY,2008,33
URY,2007,29
URY,2006,22
URY,2005,0
URY,2004,5
URY,2003,5
URY,2002,0
URY,2001,0
URY,2000,0
UZB,2025,0
UZB,2024,0
UZB,2023,0
UZB,2022,0
UZB,2021,0
UZB,2020,0
UZB,2019,0
UZB,2018,0
UZB,2017,0
UZB,2016,0
UZB,2015,0
UZB,2014,0
UZB,2013,0
UZB,2012,0
UZB,2011,0
UZB,2010,0
UZB,2009,0
UZB,2008,0
UZB,2007,0
UZB,2006,0
UZB,2005,582
UZB,2004,475
UZB,2003,967
UZB,2002,1075
UZB,2001,1335
UZB,2000,1243
VUT,2025,7
VUT,2023,5
VUT,2021,5
VUT,2010,0
VUT,2009,0
VUT,2008,0
VEN,2025,1577
VEN,2024,1578
VEN,2023,1578
VEN,2022,1045
VEN,2021,516
VEN,2020,284
VEN,2019,49
VEN,2018,142
VEN,2017,904
VEN,2016,900
VEN,2015,217
VEN,2014,410
VEN,2013,1057
VEN,2012,900
VEN,2011,17356
VEN,2010,15844
VEN,2009,14357
VEN,2008,11928
VEN,2007,9588
VEN,2006,7750
VEN,2005,5906
VEN,2004,3897
VEN,2003,2282
VEN,2002,1008
VEN,2001,303
VEN,2000,72
YEM,2025,14642
YEM,2024,14094
YEM,2023,15259
YEM,2022,13225
YEM,2021,12593
YEM,2020,10693
YEM,2019,10669
YEM,2018,8805
YEM,2017,9763
YEM,2016,9088
YEM,2015,9857
YEM,2014,8667
YEM,2013,8190
YEM,2012,6474
YEM,2011,5870
YEM,2010,2547
YEM,2009,1356
YEM,2008,826
YEM,2007,713
YEM,2006,861
YEM,2005,797
YEM,2004,1272
YEM,2003,616
YEM,2002,2091
YEM,2001,2359
YEM,2000,1406
ZMB,2025,12906
ZMB,2024,9643
ZMB,2023,5549
ZMB,2022,2774
ZMB,2021,4394
ZMB,2020,4293
ZMB,2019,5067
ZMB,2018,3300
ZMB,2017,4675
ZMB,2016,3318
ZMB,2015,2408
ZMB,2014,2174
ZMB,2013,2217
ZMB,2012,1190
ZMB,2011,1018
ZMB,2010,324
ZMB,2009,76
ZMB,2008,56
ZMB,2007,25
ZMB,2006,215
ZMB,2005,146
ZMB,2004,86
ZMB,2003,180
ZMB,2002,945
ZMB,2001,500
ZMB,2000,261
ZWE,2025,9495
ZWE,2024,13192
ZWE,2023,12451
ZWE,2022,11670
ZWE,2021,11951
ZWE,2020,11929
ZWE,2019,11532
ZWE,2018,10207
ZWE,2017,8392
ZWE,2016,948
ZWE,2015,257
ZWE,2014,642
ZWE,2013,479
ZWE,2012,432
ZWE,2011,774
ZWE,2010,414
ZWE,2009,629
ZWE,2008,525
ZWE,2007,546
ZWE,2006,296
ZWE,2005,118
ZWE,2004,0
ZWE,2003,553
ZWE,2002,540
ZWE,2001,766
ZWE,2000,62
